<?xml version="1.0" encoding="UTF-8"?>
	<widget>
	  <name>Trace Crowd Caption Correction</name>
	  <type>provider</type>
	  <full_description>This widget displays a box of the captioning services.</full_description>
	  <tool_tip id="employee01">Trace Crowd Caption Correction</tool_tip>
	  <developer>Trace Research &amp; Development Center</developer>
	  <license>LGPL</license>
	  <hyperlink></hyperlink>
	  <requirements d="No" r="No" w="Yes" c="Yes" i="No" s="No">This widget requires external access to the Internet.
	  </requirements>

	</widget>
